{
    "sitelist":[
        {
            "typename":"信息收集",
            "list":[{"site":"FOFA","url":"https://fofa.info"},
                    {"site":"鹰图hunter","url":"https://hunter.qianxin.com/"},
                    {"site":"360quake","url":"https://quake.360.net/quake/#/index"},
                    {"site":"零零信安","url":"https://0.zone/"},
                    {"site":"钟馗之眼","url":"https://www.zoomeye.hk/"},
                    {"site":"zoomeye","url":"https://www.zoomeye.org/"},
                    {"site":"Shodan","url":"https://www.shodan.io"},
                    {"site":"微步","url":"https://x.threatbook.com/"},
                    {"site":"知道创宇","url":"https://www.seebug.org/"},
                    {"site":"github","url":"https://github.com/"},
                    {"site":"谷歌","url":"https://www.google.com/"},
                    {"site":"bing","url":"https://www.bing.com/"},
                    {"site":"搜狗","url":"https://www.sogou.com/"},
                    {"site":"企查查","url":"https://www.qcc.com/"},
                    {"site":"Censys搜索引擎","url":"https://censys.com/"},
                    {"site":"谛听-工控安全","url":"https://www.ditecting.com/"},
                    {"site":"源代码搜索","url":"https://searchcode.com/"},
                    {"site":"天眼查","url":"https://www.tianyancha.com/"},
                    {"site":"企信宝","url":"https://www.qixin.com/"},
                    {"site":"爱企查","url":"https://aiqicha.baidu.com/"},
                    {"site":"小蓝本","url":"https://www.xiaolanben.com/"},
                    {"site":"备案查询","url":"https://beian.miit.gov.cn/?vt=4&pos=108&his=0#/Integrated/index"},
                    {"site":"盘搜搜","url":"https://pansoso.com/"},
                    {"site":"凌风云","url":"https://www.lingfengyun.com/"},
                    {"site":"网盘搜索","url":"http://wp.soshoulu.com/"},
                    {"site":"热盘搜","url":"http://www.repanso.com/"},
                    {"site":"小白盘","url":"https://www.xiaobaipan.com/"},
                    {"site":"七麦数据","url":"https://www.qimai.cn/"},
                    {"site":"证书查询","url":"https://crt.sh/"},
                    {"site":"超级ping","url":"https://tools.ipip.net/newping.php"},
                    {"site":"cnvd","url":"https://www.cnvd.org.cn/"},
                    {"site":"暴露面管理平台","url":"https://urlscan.watcherlab.com/login"}
                ]
        },
        {
            "typename":"安全网站",
            "list":[{"site":"补天","url":"https://www.butian.net/"},
            {"site":"漏洞盒子","url":"https://www.vulbox.com/"},
            {"site":"EDUSRC","url":"https://src.sjtu.edu.cn/"},
            {"site":"hackerone","url":"https://www.hackerone.com/"}
            {"site":"先知社区","url":"https://xz.aliyun.com/"},
            {"site":"FREEBUF","url":"https://www.freebuf.com/"},
            {"site":"奇安信安全攻防","url":"https://forum.butian.net/"},
            {"site":"安全客","url":"https://www.anquanke.com/"},
            {"site":"微步","url":"https://x.threatbook.com/"},
            {"site":"微步情报社区","url":"https://x.threatbook.com/"},
            {"site":"I春秋","url":"https://www.ichunqiu.com/"},
            {"site":"PeiQi文库","url":"https://peiqi.wgpsec.org/"},
            {"site":"漏洞银行","url":"https://www.bugbank.cn/"},
            {"site":"洞见网安","url":"http://wechat.doonsec.com/"},
            {"site":"Tools","url":"https://www.t00ls.com/"},
            {"site":"Hacking8","url":"https://i.hacking8.com/"},
            {"site":"看雪学院","url":"https://www.kanxue.com/chm.htm"},
            {"site":"威武网安","url":"https://www.wevul.com/"},
            {"site":"小迪吧","url":"http://www.xiaodi8.com/"},
            {"site":"暗月","url":"https://www.moonsec.com/"},
            {"site":"不安全","url":"https://buaq.net/tools"},
            {"site":"黑客街","url":"https://www.hackjie.com/"},
            {"site":"乌云","url":"https://wy.zone.ci/bug_detail.php?wybug_id=wooyun-2014-063755"},
            {"site":"跳跳堂","url":"https://tttang.com/"},
            {"site":"知识星球","url":"https://www.zsxq.com/"},
            {"site":"曾哥博客","url":"https://blog.zgsec.cn/"},
            {"site":"CSDN","url":"http://www.csdn.net/"},
            {"site":"博客园","url":"https://www.cnblogs.com/"},
            {"site":"b站","url":"https://www.bilibili.com/"},
            {"site":"棱角社区","url":" https://forum.ywhack.com/index.php"},
            {"site":"apifox","url":"https://apifox.com/"},
            {"site":"稀土掘金","url":"https://juejin.cn/"},
            {"site":"开源中国","url":"https://www.oschina.net/"}
           ]
        },{
            "typename":"常用工具",
            "list":[
            {"site":"HackerGPT","url":"https://chat.hackerai.co/"} ,
            {"site":"github","url":"https://github.com/"},
            {"site":"gitee","url":"https://gitee.com/"},
            {"site":"somd5","url":"https://www.somd5.com/"},
            {"site":"cmd5","url":"https://www.cmd5.com/"},
            {"site":"base64","url":"https://base64.us/"},
            {"site":"IP138","url":"https://site.ip138.com/"},
            {"site":"棱角社区","url":"https://forum.ywhack.com/bountytips.php?process="},
            {"site":"github搜索","url":"https://seart-ghs.si.usi.ch/"},
            {"site":"jwt","url":"https://jwt.io/"},
            {"site":"IP地址查询","url":"https://www.chaipip.com/aiwen.html#/"},
            {"site":"微步云沙箱","url":"https://s.threatbook.com/"},
            {"site":"站长工具","url":"https://tool.chinaz.com/"}
            
            ]
        }
    ]
}